index,x,y,angle,score
0,26.24,25.675,0.0,96.911736
1,16.985,11.67,277.12503,79.030075
2,29.81,13.21,211.49365,78.082634
3,9.045,18.62,242.49356,75.72935
